<?xml version="1.0" encoding="UTF-8"?>
<project-private xmlns="http://www.netbeans.org/ns/project-private/1">
    <editor-bookmarks xmlns="http://www.netbeans.org/ns/editor-bookmarks/2" lastBookmarkId="0"/>
    <open-files xmlns="http://www.netbeans.org/ns/projectui-open-files/2">
        <group>
            <file>file:/C:/Users/srihari/Documents/NetBeansProjects/organ%20donation/src/com/eye/eye_demo.java</file>
            <file>file:/C:/Users/srihari/Documents/NetBeansProjects/organ%20donation/src/com/main/about.java</file>
            <file>file:/C:/Users/srihari/Documents/NetBeansProjects/organ%20donation/src/com/main/admin.java</file>
            <file>file:/C:/Users/srihari/Documents/NetBeansProjects/organ%20donation/src/com/stem/stem_display.java</file>
            <file>file:/C:/Users/srihari/Documents/NetBeansProjects/organ%20donation/src/com/stem/stem_add.java</file>
            <file>file:/C:/Users/srihari/Documents/NetBeansProjects/organ%20donation/src/com/eye/eye_main.java</file>
            <file>file:/C:/Users/srihari/Documents/NetBeansProjects/organ%20donation/src/com/eye/eye_display.java</file>
            <file>file:/C:/Users/srihari/Documents/NetBeansProjects/organ%20donation/src/com/eye/eye_add.java</file>
            <file>file:/C:/Users/srihari/Documents/NetBeansProjects/organ%20donation/src/com/main/welcome.java</file>
            <file>file:/C:/Users/srihari/Documents/NetBeansProjects/organ%20donation/src/com/organs/organs_main.java</file>
            <file>file:/C:/Users/srihari/Documents/NetBeansProjects/organ%20donation/src/com/stem/stem_delete.java</file>
            <file>file:/C:/Users/srihari/Documents/NetBeansProjects/organ%20donation/src/com/stem/stem1.java</file>
            <file>file:/C:/Users/srihari/Documents/NetBeansProjects/organ%20donation/src/com/organs/main1.java</file>
            <file>file:/C:/Users/srihari/Documents/NetBeansProjects/organ%20donation/src/com/organs/organ_display.java</file>
            <file>file:/C:/Users/srihari/Documents/NetBeansProjects/organ%20donation/src/com/stem/stem_main.java</file>
            <file>file:/C:/Users/srihari/Documents/NetBeansProjects/organ%20donation/src/com/eye/eye_delete.java</file>
            <file>file:/C:/Users/srihari/Documents/NetBeansProjects/organ%20donation/src/com/organs/organ_update.java</file>
            <file>file:/C:/Users/srihari/Documents/NetBeansProjects/organ%20donation/src/com/main/intro.java</file>
            <file>file:/C:/Users/srihari/Documents/NetBeansProjects/organ%20donation/src/com/main/day_main.java</file>
            <file>file:/C:/Users/srihari/Documents/NetBeansProjects/organ%20donation/src/com/main/user.java</file>
            <file>file:/C:/Users/srihari/Documents/NetBeansProjects/organ%20donation/src/com/stem/stem_update.java</file>
            <file>file:/C:/Users/srihari/Documents/NetBeansProjects/organ%20donation/src/com/main/start.java</file>
            <file>file:/C:/Users/srihari/Documents/NetBeansProjects/organ%20donation/src/com/blood/blood_search.java</file>
            <file>file:/C:/Users/srihari/Documents/NetBeansProjects/organ%20donation/src/com/organs/organ_delete.java</file>
            <file>file:/C:/Users/srihari/Documents/NetBeansProjects/organ%20donation/src/com/main/main.java</file>
            <file>file:/C:/Users/srihari/Documents/NetBeansProjects/organ%20donation/src/com/organs/organ_add.java</file>
            <file>file:/C:/Users/srihari/Documents/NetBeansProjects/organ%20donation/src/com/main/Register.java</file>
            <file>file:/C:/Users/srihari/Documents/NetBeansProjects/organ%20donation/src/com/organs/organ_demo.java</file>
            <file>file:/C:/Users/srihari/Documents/NetBeansProjects/organ%20donation/src/com/blood/blood_veiw.java</file>
            <file>file:/C:/Users/srihari/Documents/NetBeansProjects/organ%20donation/src/com/eye/eye_update.java</file>
        </group>
    </open-files>
</project-private>
